"filename", "language", "Python", "Markdown", "JSON", "CSS", "HTML", "Shell Script", "Less", "XML", "JavaScript", "YAML", "Properties", "PHP", "comment", "blank", "total"
"/Users/fairy/work/bistu/Semitic/README.md", "Markdown", 0, 38, 0, 0, 0, 0, 0, 0, 0, 0, 0, 0, 0, 11, 49
"/Users/fairy/work/bistu/Semitic/Semitic.py", "Python", 60, 0, 0, 0, 0, 0, 0, 0, 0, 0, 0, 0, 5, 19, 84
"/Users/fairy/work/bistu/Semitic/api/analyze.py", "Python", 208, 0, 0, 0, 0, 0, 0, 0, 0, 0, 0, 0, 9, 19, 236
"/Users/fairy/work/bistu/Semitic/api/database.py", "Python", 17, 0, 0, 0, 0, 0, 0, 0, 0, 0, 0, 0, 0, 7, 24
"/Users/fairy/work/bistu/Semitic/api/display.py", "Python", 98, 0, 0, 0, 0, 0, 0, 0, 0, 0, 0, 0, 4, 15, 117
"/Users/fairy/work/bistu/Semitic/api/ioc.py", "Python", 76, 0, 0, 0, 0, 0, 0, 0, 0, 0, 0, 0, 3, 8, 87
"/Users/fairy/work/bistu/Semitic/api/search.py", "Python", 69, 0, 0, 0, 0, 0, 0, 0, 0, 0, 0, 0, 1, 7, 77
"/Users/fairy/work/bistu/Semitic/client/Semitic_start.sh", "Shell Script", 0, 0, 0, 0, 0, 8, 0, 0, 0, 0, 0, 0, 1, 1, 10
"/Users/fairy/work/bistu/Semitic/client/Semitic_stop.sh", "Shell Script", 0, 0, 0, 0, 0, 1, 0, 0, 0, 0, 0, 0, 1, 0, 2
"/Users/fairy/work/bistu/Semitic/client/conf/Semitic.conf", "Properties", 0, 0, 0, 0, 0, 0, 0, 0, 0, 0, 4, 0, 4, 3, 11
"/Users/fairy/work/bistu/Semitic/client/conf/suricata.yaml", "YAML", 0, 0, 0, 0, 0, 0, 0, 0, 0, 465, 0, 0, 1294, 198, 1957
"/Users/fairy/work/bistu/Semitic/client/senteven.sh", "Shell Script", 0, 0, 0, 0, 0, 18, 0, 0, 0, 0, 0, 0, 1, 2, 21
"/Users/fairy/work/bistu/Semitic/client/upload_eve/success/eve_20200421071737.json", "JSON", 0, 0, 1725, 0, 0, 0, 0, 0, 0, 0, 0, 0, 0, 1, 1726
"/Users/fairy/work/bistu/Semitic/crawler/api/Database.py", "Python", 13, 0, 0, 0, 0, 0, 0, 0, 0, 0, 0, 0, 0, 6, 19
"/Users/fairy/work/bistu/Semitic/crawler/api/ioc.py", "Python", 9, 0, 0, 0, 0, 0, 0, 0, 0, 0, 0, 0, 0, 1, 10
"/Users/fairy/work/bistu/Semitic/crawler/threatbook.py", "Python", 115, 0, 0, 0, 0, 0, 0, 0, 0, 0, 0, 0, 7, 10, 132
"/Users/fairy/work/bistu/Semitic/lib/common.py", "Python", 13, 0, 0, 0, 0, 0, 0, 0, 0, 0, 0, 0, 3, 3, 19
"/Users/fairy/work/bistu/Semitic/lib/convert.py", "Python", 28, 0, 0, 0, 0, 0, 0, 0, 0, 0, 0, 0, 3, 11, 42
"/Users/fairy/work/bistu/Semitic/lib/data.py", "Python", 12, 0, 0, 0, 0, 0, 0, 0, 0, 0, 0, 0, 7, 8, 27
"/Users/fairy/work/bistu/Semitic/lib/enums.py", "Python", 5, 0, 0, 0, 0, 0, 0, 0, 0, 0, 0, 0, 0, 1, 6
"/Users/fairy/work/bistu/Semitic/lib/logger.py", "Python", 45, 0, 0, 0, 0, 0, 0, 0, 0, 0, 0, 0, 0, 13, 58
"/Users/fairy/work/bistu/Semitic/lib/settings.py", "Python", 5, 0, 0, 0, 0, 0, 0, 0, 0, 0, 0, 0, 1, 2, 8
"/Users/fairy/work/bistu/Semitic/run.py", "Python", 114, 0, 0, 0, 0, 0, 0, 0, 0, 0, 0, 0, 7, 13, 134
"/Users/fairy/work/bistu/Semitic/static/css/beyond.min.css", "CSS", 0, 0, 0, 2, 0, 0, 0, 0, 0, 0, 0, 0, 5, 0, 7
"/Users/fairy/work/bistu/Semitic/static/css/bootstrap.min.css", "CSS", 0, 0, 0, 1, 0, 0, 0, 0, 0, 0, 0, 0, 4, 0, 5
"/Users/fairy/work/bistu/Semitic/static/css/font-awesome.min.css", "CSS", 0, 0, 0, 1, 0, 0, 0, 0, 0, 0, 0, 0, 3, 0, 4
"/Users/fairy/work/bistu/Semitic/static/css/skins/Blue.less", "Less", 0, 0, 0, 0, 0, 0, 3, 0, 0, 0, 0, 0, 0, 1, 4
"/Users/fairy/work/bistu/Semitic/static/css/skins/azure.css", "CSS", 0, 0, 0, 479, 0, 0, 0, 0, 0, 0, 0, 0, 40, 0, 519
"/Users/fairy/work/bistu/Semitic/static/css/skins/azure.less", "Less", 0, 0, 0, 0, 0, 0, 3, 0, 0, 0, 0, 0, 0, 1, 4
"/Users/fairy/work/bistu/Semitic/static/css/skins/azure.min.css", "CSS", 0, 0, 0, 1, 0, 0, 0, 0, 0, 0, 0, 0, 0, 0, 1
"/Users/fairy/work/bistu/Semitic/static/css/skins/black.css", "CSS", 0, 0, 0, 479, 0, 0, 0, 0, 0, 0, 0, 0, 40, 0, 519
"/Users/fairy/work/bistu/Semitic/static/css/skins/black.less", "Less", 0, 0, 0, 0, 0, 0, 3, 0, 0, 0, 0, 0, 0, 1, 4
"/Users/fairy/work/bistu/Semitic/static/css/skins/black.min.css", "CSS", 0, 0, 0, 1, 0, 0, 0, 0, 0, 0, 0, 0, 0, 0, 1
"/Users/fairy/work/bistu/Semitic/static/css/skins/blue.css", "CSS", 0, 0, 0, 479, 0, 0, 0, 0, 0, 0, 0, 0, 40, 0, 519
"/Users/fairy/work/bistu/Semitic/static/css/skins/blue.min.css", "CSS", 0, 0, 0, 1, 0, 0, 0, 0, 0, 0, 0, 0, 0, 0, 1
"/Users/fairy/work/bistu/Semitic/static/css/skins/darkblue.css", "CSS", 0, 0, 0, 479, 0, 0, 0, 0, 0, 0, 0, 0, 40, 0, 519
"/Users/fairy/work/bistu/Semitic/static/css/skins/darkblue.less", "Less", 0, 0, 0, 0, 0, 0, 3, 0, 0, 0, 0, 0, 0, 1, 4
"/Users/fairy/work/bistu/Semitic/static/css/skins/darkblue.min.css", "CSS", 0, 0, 0, 1, 0, 0, 0, 0, 0, 0, 0, 0, 0, 0, 1
"/Users/fairy/work/bistu/Semitic/static/css/skins/darkred.css", "CSS", 0, 0, 0, 479, 0, 0, 0, 0, 0, 0, 0, 0, 40, 0, 519
"/Users/fairy/work/bistu/Semitic/static/css/skins/darkred.less", "Less", 0, 0, 0, 0, 0, 0, 3, 0, 0, 0, 0, 0, 0, 1, 4
"/Users/fairy/work/bistu/Semitic/static/css/skins/darkred.min.css", "CSS", 0, 0, 0, 1, 0, 0, 0, 0, 0, 0, 0, 0, 0, 0, 1
"/Users/fairy/work/bistu/Semitic/static/css/skins/deepblue.css", "CSS", 0, 0, 0, 479, 0, 0, 0, 0, 0, 0, 0, 0, 40, 0, 519
"/Users/fairy/work/bistu/Semitic/static/css/skins/deepblue.less", "Less", 0, 0, 0, 0, 0, 0, 3, 0, 0, 0, 0, 0, 0, 1, 4
"/Users/fairy/work/bistu/Semitic/static/css/skins/deepblue.min.css", "CSS", 0, 0, 0, 1, 0, 0, 0, 0, 0, 0, 0, 0, 0, 0, 1
"/Users/fairy/work/bistu/Semitic/static/css/skins/gray.css", "CSS", 0, 0, 0, 479, 0, 0, 0, 0, 0, 0, 0, 0, 40, 0, 519
"/Users/fairy/work/bistu/Semitic/static/css/skins/gray.less", "Less", 0, 0, 0, 0, 0, 0, 3, 0, 0, 0, 0, 0, 0, 1, 4
"/Users/fairy/work/bistu/Semitic/static/css/skins/gray.min.css", "CSS", 0, 0, 0, 1, 0, 0, 0, 0, 0, 0, 0, 0, 0, 0, 1
"/Users/fairy/work/bistu/Semitic/static/css/skins/green.css", "CSS", 0, 0, 0, 479, 0, 0, 0, 0, 0, 0, 0, 0, 40, 0, 519
"/Users/fairy/work/bistu/Semitic/static/css/skins/green.less", "Less", 0, 0, 0, 0, 0, 0, 3, 0, 0, 0, 0, 0, 0, 1, 4
"/Users/fairy/work/bistu/Semitic/static/css/skins/green.min.css", "CSS", 0, 0, 0, 1, 0, 0, 0, 0, 0, 0, 0, 0, 0, 0, 1
"/Users/fairy/work/bistu/Semitic/static/css/skins/orange.css", "CSS", 0, 0, 0, 479, 0, 0, 0, 0, 0, 0, 0, 0, 40, 0, 519
"/Users/fairy/work/bistu/Semitic/static/css/skins/orange.less", "Less", 0, 0, 0, 0, 0, 0, 3, 0, 0, 0, 0, 0, 0, 1, 4
"/Users/fairy/work/bistu/Semitic/static/css/skins/orange.min.css", "CSS", 0, 0, 0, 1, 0, 0, 0, 0, 0, 0, 0, 0, 0, 0, 1
"/Users/fairy/work/bistu/Semitic/static/css/skins/pink.css", "CSS", 0, 0, 0, 479, 0, 0, 0, 0, 0, 0, 0, 0, 40, 0, 519
"/Users/fairy/work/bistu/Semitic/static/css/skins/pink.less", "Less", 0, 0, 0, 0, 0, 0, 3, 0, 0, 0, 0, 0, 0, 1, 4
"/Users/fairy/work/bistu/Semitic/static/css/skins/pink.min.css", "CSS", 0, 0, 0, 1, 0, 0, 0, 0, 0, 0, 0, 0, 0, 0, 1
"/Users/fairy/work/bistu/Semitic/static/css/skins/purple.css", "CSS", 0, 0, 0, 479, 0, 0, 0, 0, 0, 0, 0, 0, 40, 0, 519
"/Users/fairy/work/bistu/Semitic/static/css/skins/purple.less", "Less", 0, 0, 0, 0, 0, 0, 3, 0, 0, 0, 0, 0, 0, 1, 4
"/Users/fairy/work/bistu/Semitic/static/css/skins/purple.min.css", "CSS", 0, 0, 0, 1, 0, 0, 0, 0, 0, 0, 0, 0, 0, 0, 1
"/Users/fairy/work/bistu/Semitic/static/css/skins/skins-mixins.css", "CSS", 0, 0, 0, 0, 0, 0, 0, 0, 0, 0, 0, 0, 0, 1, 1
"/Users/fairy/work/bistu/Semitic/static/css/skins/skins-mixins.less", "Less", 0, 0, 0, 0, 0, 0, 711, 0, 0, 0, 0, 0, 43, 98, 852
"/Users/fairy/work/bistu/Semitic/static/css/skins/skins-mixins.min.css", "CSS", 0, 0, 0, 0, 0, 0, 0, 0, 0, 0, 0, 0, 0, 1, 1
"/Users/fairy/work/bistu/Semitic/static/css/skins/teal.css", "CSS", 0, 0, 0, 479, 0, 0, 0, 0, 0, 0, 0, 0, 40, 0, 519
"/Users/fairy/work/bistu/Semitic/static/css/skins/teal.less", "Less", 0, 0, 0, 0, 0, 0, 3, 0, 0, 0, 0, 0, 0, 1, 4
"/Users/fairy/work/bistu/Semitic/static/css/skins/teal.min.css", "CSS", 0, 0, 0, 1, 0, 0, 0, 0, 0, 0, 0, 0, 0, 0, 1
"/Users/fairy/work/bistu/Semitic/static/css/weather-icons.min.css", "CSS", 0, 0, 0, 1, 0, 0, 0, 0, 0, 0, 0, 0, 22, 0, 23
"/Users/fairy/work/bistu/Semitic/static/fonts/fontawesome-webfont.svg", "XML", 0, 0, 0, 0, 0, 0, 0, 565, 0, 0, 0, 0, 0, 0, 565
"/Users/fairy/work/bistu/Semitic/static/fonts/glyphicons-halflings-regular.svg", "XML", 0, 0, 0, 0, 0, 0, 0, 288, 0, 0, 0, 0, 0, 0, 288
"/Users/fairy/work/bistu/Semitic/static/fonts/typicons.svg", "XML", 0, 0, 0, 0, 0, 0, 0, 1180, 0, 0, 0, 0, 0, 1, 1181
"/Users/fairy/work/bistu/Semitic/static/fonts/weathericons-regular-webfont.svg", "XML", 0, 0, 0, 0, 0, 0, 0, 153, 0, 0, 0, 0, 0, 0, 153
"/Users/fairy/work/bistu/Semitic/static/js/beyond.js", "JavaScript", 0, 0, 0, 0, 0, 0, 0, 0, 512, 0, 0, 0, 32, 79, 623
"/Users/fairy/work/bistu/Semitic/static/js/beyond.min.js", "JavaScript", 0, 0, 0, 0, 0, 0, 0, 0, 1, 0, 0, 0, 1, 1, 3
"/Users/fairy/work/bistu/Semitic/static/js/bootstrap.js", "JavaScript", 0, 0, 0, 0, 0, 0, 0, 0, 1588, 0, 0, 0, 193, 583, 2364
"/Users/fairy/work/bistu/Semitic/static/js/bootstrap.min.js", "JavaScript", 0, 0, 0, 0, 0, 0, 0, 0, 2, 0, 0, 0, 5, 0, 7
"/Users/fairy/work/bistu/Semitic/static/js/jquery.min.js", "JavaScript", 0, 0, 0, 0, 0, 0, 0, 0, 3, 0, 0, 0, 1, 1, 5
"/Users/fairy/work/bistu/Semitic/static/js/skins.js", "JavaScript", 0, 0, 0, 0, 0, 0, 0, 0, 65, 0, 0, 0, 11, 8, 84
"/Users/fairy/work/bistu/Semitic/static/js/skins.min.js", "JavaScript", 0, 0, 0, 0, 0, 0, 0, 0, 1, 0, 0, 0, 3, 0, 4
"/Users/fairy/work/bistu/Semitic/static/js/slimscroll/jquery.slimscroll.js", "JavaScript", 0, 0, 0, 0, 0, 0, 0, 0, 299, 0, 0, 0, 88, 84, 471
"/Users/fairy/work/bistu/Semitic/static/js/slimscroll/jquery.slimscroll.min.js", "JavaScript", 0, 0, 0, 0, 0, 0, 0, 0, 9, 0, 0, 0, 7, 0, 16
"/Users/fairy/work/bistu/Semitic/static/lib/layer/layer.js", "JavaScript", 0, 0, 0, 0, 0, 0, 0, 0, 1, 0, 0, 0, 1, 0, 2
"/Users/fairy/work/bistu/Semitic/static/lib/layer/mobile/layer.js", "JavaScript", 0, 0, 0, 0, 0, 0, 0, 0, 1, 0, 0, 0, 1, 0, 2
"/Users/fairy/work/bistu/Semitic/static/lib/layer/mobile/need/layer.css", "CSS", 0, 0, 0, 1, 0, 0, 0, 0, 0, 0, 0, 0, 0, 0, 1
"/Users/fairy/work/bistu/Semitic/static/lib/layer/theme/default/layer.css", "CSS", 0, 0, 0, 1, 0, 0, 0, 0, 0, 0, 0, 0, 0, 0, 1
"/Users/fairy/work/bistu/Semitic/static/lib/ueditor/dialogs/anchor/anchor.html", "HTML", 0, 0, 0, 0, 40, 0, 0, 0, 0, 0, 0, 0, 0, 0, 40
"/Users/fairy/work/bistu/Semitic/static/lib/ueditor/dialogs/attachment/attachment.css", "CSS", 0, 0, 0, 619, 0, 0, 0, 0, 0, 0, 0, 0, 5, 57, 681
"/Users/fairy/work/bistu/Semitic/static/lib/ueditor/dialogs/attachment/attachment.html", "HTML", 0, 0, 0, 0, 48, 0, 0, 0, 0, 0, 0, 0, 5, 7, 60
"/Users/fairy/work/bistu/Semitic/static/lib/ueditor/dialogs/attachment/attachment.js", "JavaScript", 0, 0, 0, 0, 0, 0, 0, 0, 625, 0, 0, 0, 47, 82, 754
"/Users/fairy/work/bistu/Semitic/static/lib/ueditor/dialogs/background/background.css", "CSS", 0, 0, 0, 87, 0, 0, 0, 0, 0, 0, 0, 0, 1, 6, 94
"/Users/fairy/work/bistu/Semitic/static/lib/ueditor/dialogs/background/background.html", "HTML", 0, 0, 0, 0, 55, 0, 0, 0, 0, 0, 0, 0, 0, 2, 57
"/Users/fairy/work/bistu/Semitic/static/lib/ueditor/dialogs/background/background.js", "JavaScript", 0, 0, 0, 0, 0, 0, 0, 0, 321, 0, 0, 0, 20, 35, 376
"/Users/fairy/work/bistu/Semitic/static/lib/ueditor/dialogs/charts/chart.config.js", "JavaScript", 0, 0, 0, 0, 0, 0, 0, 0, 59, 0, 0, 0, 4, 3, 66
"/Users/fairy/work/bistu/Semitic/static/lib/ueditor/dialogs/charts/charts.css", "CSS", 0, 0, 0, 136, 0, 0, 0, 0, 0, 0, 0, 0, 2, 27, 165
"/Users/fairy/work/bistu/Semitic/static/lib/ueditor/dialogs/charts/charts.html", "HTML", 0, 0, 0, 0, 89, 0, 0, 0, 0, 0, 0, 0, 0, 0, 89
"/Users/fairy/work/bistu/Semitic/static/lib/ueditor/dialogs/charts/charts.js", "JavaScript", 0, 0, 0, 0, 0, 0, 0, 0, 299, 0, 0, 0, 47, 173, 519
"/Users/fairy/work/bistu/Semitic/static/lib/ueditor/dialogs/emotion/emotion.css", "CSS", 0, 0, 0, 41, 0, 0, 0, 0, 0, 0, 0, 0, 0, 2, 43
"/Users/fairy/work/bistu/Semitic/static/lib/ueditor/dialogs/emotion/emotion.html", "HTML", 0, 0, 0, 0, 54, 0, 0, 0, 0, 0, 0, 0, 0, 0, 54
"/Users/fairy/work/bistu/Semitic/static/lib/ueditor/dialogs/emotion/emotion.js", "JavaScript", 0, 0, 0, 0, 0, 0, 0, 0, 164, 0, 0, 0, 3, 20, 187
"/Users/fairy/work/bistu/Semitic/static/lib/ueditor/dialogs/gmap/gmap.html", "HTML", 0, 0, 0, 0, 87, 0, 0, 0, 0, 0, 0, 0, 0, 2, 89
"/Users/fairy/work/bistu/Semitic/static/lib/ueditor/dialogs/help/help.css", "CSS", 0, 0, 0, 7, 0, 0, 0, 0, 0, 0, 0, 0, 0, 0, 7
"/Users/fairy/work/bistu/Semitic/static/lib/ueditor/dialogs/help/help.html", "HTML", 0, 0, 0, 0, 82, 0, 0, 0, 0, 0, 0, 0, 0, 0, 82
"/Users/fairy/work/bistu/Semitic/static/lib/ueditor/dialogs/help/help.js", "JavaScript", 0, 0, 0, 0, 0, 0, 0, 0, 33, 0, 0, 0, 19, 4, 56
"/Users/fairy/work/bistu/Semitic/static/lib/ueditor/dialogs/image/image.css", "CSS", 0, 0, 0, 807, 0, 0, 0, 0, 0, 0, 0, 0, 7, 80, 894
"/Users/fairy/work/bistu/Semitic/static/lib/ueditor/dialogs/image/image.html", "HTML", 0, 0, 0, 0, 103, 0, 0, 0, 0, 0, 0, 0, 7, 10, 120
"/Users/fairy/work/bistu/Semitic/static/lib/ueditor/dialogs/image/image.js", "JavaScript", 0, 0, 0, 0, 0, 0, 0, 0, 889, 0, 0, 0, 152, 102, 1143
"/Users/fairy/work/bistu/Semitic/static/lib/ueditor/dialogs/insertframe/insertframe.html", "HTML", 0, 0, 0, 0, 95, 0, 0, 0, 0, 0, 0, 0, 0, 3, 98
"/Users/fairy/work/bistu/Semitic/static/lib/ueditor/dialogs/internal.js", "JavaScript", 0, 0, 0, 0, 0, 0, 0, 0, 66, 0, 0, 0, 5, 11, 82
"/Users/fairy/work/bistu/Semitic/static/lib/ueditor/dialogs/link/link.html", "HTML", 0, 0, 0, 0, 119, 0, 0, 0, 0, 0, 0, 0, 0, 8, 127
"/Users/fairy/work/bistu/Semitic/static/lib/ueditor/dialogs/map/map.html", "HTML", 0, 0, 0, 0, 130, 0, 0, 0, 0, 0, 0, 0, 0, 6, 136
"/Users/fairy/work/bistu/Semitic/static/lib/ueditor/dialogs/map/show.html", "HTML", 0, 0, 0, 0, 106, 0, 0, 0, 0, 0, 0, 0, 2, 10, 118
"/Users/fairy/work/bistu/Semitic/static/lib/ueditor/dialogs/music/music.css", "CSS", 0, 0, 0, 23, 0, 0, 0, 0, 0, 0, 0, 0, 0, 7, 30
"/Users/fairy/work/bistu/Semitic/static/lib/ueditor/dialogs/music/music.html", "HTML", 0, 0, 0, 0, 32, 0, 0, 0, 0, 0, 0, 0, 0, 0, 32
"/Users/fairy/work/bistu/Semitic/static/lib/ueditor/dialogs/music/music.js", "JavaScript", 0, 0, 0, 0, 0, 0, 0, 0, 185, 0, 0, 0, 0, 8, 193
"/Users/fairy/work/bistu/Semitic/static/lib/ueditor/dialogs/preview/preview.html", "HTML", 0, 0, 0, 0, 39, 0, 0, 0, 0, 0, 0, 0, 0, 1, 40
"/Users/fairy/work/bistu/Semitic/static/lib/ueditor/dialogs/scrawl/scrawl.css", "CSS", 0, 0, 0, 52, 0, 0, 0, 0, 0, 0, 0, 0, 10, 11, 73
"/Users/fairy/work/bistu/Semitic/static/lib/ueditor/dialogs/scrawl/scrawl.html", "HTML", 0, 0, 0, 0, 92, 0, 0, 0, 0, 0, 0, 0, 0, 3, 95
"/Users/fairy/work/bistu/Semitic/static/lib/ueditor/dialogs/scrawl/scrawl.js", "JavaScript", 0, 0, 0, 0, 0, 0, 0, 0, 616, 0, 0, 0, 16, 40, 672
"/Users/fairy/work/bistu/Semitic/static/lib/ueditor/dialogs/searchreplace/searchreplace.html", "HTML", 0, 0, 0, 0, 94, 0, 0, 0, 0, 0, 0, 0, 6, 2, 102
"/Users/fairy/work/bistu/Semitic/static/lib/ueditor/dialogs/searchreplace/searchreplace.js", "JavaScript", 0, 0, 0, 0, 0, 0, 0, 0, 132, 0, 0, 0, 26, 6, 164
"/Users/fairy/work/bistu/Semitic/static/lib/ueditor/dialogs/snapscreen/snapscreen.html", "HTML", 0, 0, 0, 0, 56, 0, 0, 0, 0, 0, 0, 0, 0, 2, 58
"/Users/fairy/work/bistu/Semitic/static/lib/ueditor/dialogs/spechars/spechars.html", "HTML", 0, 0, 0, 0, 21, 0, 0, 0, 0, 0, 0, 0, 0, 0, 21
"/Users/fairy/work/bistu/Semitic/static/lib/ueditor/dialogs/spechars/spechars.js", "JavaScript", 0, 0, 0, 0, 0, 0, 0, 0, 50, 0, 0, 0, 7, 1, 58
"/Users/fairy/work/bistu/Semitic/static/lib/ueditor/dialogs/table/edittable.css", "CSS", 0, 0, 0, 70, 0, 0, 0, 0, 0, 0, 0, 0, 0, 14, 84
"/Users/fairy/work/bistu/Semitic/static/lib/ueditor/dialogs/table/edittable.html", "HTML", 0, 0, 0, 0, 64, 0, 0, 0, 0, 0, 0, 0, 0, 0, 64
"/Users/fairy/work/bistu/Semitic/static/lib/ueditor/dialogs/table/edittable.js", "JavaScript", 0, 0, 0, 0, 0, 0, 0, 0, 211, 0, 0, 0, 7, 19, 237
"/Users/fairy/work/bistu/Semitic/static/lib/ueditor/dialogs/table/edittd.html", "HTML", 0, 0, 0, 0, 58, 0, 0, 0, 0, 0, 0, 0, 0, 3, 61
"/Users/fairy/work/bistu/Semitic/static/lib/ueditor/dialogs/table/edittip.html", "HTML", 0, 0, 0, 0, 32, 0, 0, 0, 0, 0, 0, 0, 0, 1, 33
"/Users/fairy/work/bistu/Semitic/static/lib/ueditor/dialogs/template/config.js", "JavaScript", 0, 0, 0, 0, 0, 0, 0, 0, 32, 0, 0, 0, 7, 3, 42
"/Users/fairy/work/bistu/Semitic/static/lib/ueditor/dialogs/template/template.css", "CSS", 0, 0, 0, 18, 0, 0, 0, 0, 0, 0, 0, 0, 0, 0, 18
"/Users/fairy/work/bistu/Semitic/static/lib/ueditor/dialogs/template/template.html", "HTML", 0, 0, 0, 0, 26, 0, 0, 0, 0, 0, 0, 0, 0, 1, 27
"/Users/fairy/work/bistu/Semitic/static/lib/ueditor/dialogs/template/template.js", "JavaScript", 0, 0, 0, 0, 0, 0, 0, 0, 45, 0, 0, 0, 7, 1, 53
"/Users/fairy/work/bistu/Semitic/static/lib/ueditor/dialogs/video/video.css", "CSS", 0, 0, 0, 574, 0, 0, 0, 0, 0, 0, 0, 0, 3, 58, 635
"/Users/fairy/work/bistu/Semitic/static/lib/ueditor/dialogs/video/video.html", "HTML", 0, 0, 0, 0, 80, 0, 0, 0, 0, 0, 0, 0, 3, 3, 86
"/Users/fairy/work/bistu/Semitic/static/lib/ueditor/dialogs/video/video.js", "JavaScript", 0, 0, 0, 0, 0, 0, 0, 0, 626, 0, 0, 0, 81, 85, 792
"/Users/fairy/work/bistu/Semitic/static/lib/ueditor/dialogs/webapp/webapp.html", "HTML", 0, 0, 0, 0, 50, 0, 0, 0, 0, 0, 0, 0, 0, 3, 53
"/Users/fairy/work/bistu/Semitic/static/lib/ueditor/dialogs/wordimage/tangram.js", "JavaScript", 0, 0, 0, 0, 0, 0, 0, 0, 675, 0, 0, 0, 663, 158, 1496
"/Users/fairy/work/bistu/Semitic/static/lib/ueditor/dialogs/wordimage/wordimage.html", "HTML", 0, 0, 0, 0, 106, 0, 0, 0, 0, 0, 0, 0, 0, 5, 111
"/Users/fairy/work/bistu/Semitic/static/lib/ueditor/dialogs/wordimage/wordimage.js", "JavaScript", 0, 0, 0, 0, 0, 0, 0, 0, 125, 0, 0, 0, 17, 15, 157
"/Users/fairy/work/bistu/Semitic/static/lib/ueditor/index.html", "HTML", 0, 0, 0, 0, 160, 0, 0, 0, 0, 0, 0, 0, 2, 13, 175
"/Users/fairy/work/bistu/Semitic/static/lib/ueditor/lang/en/en.js", "JavaScript", 0, 0, 0, 0, 0, 0, 0, 0, 669, 0, 0, 0, 8, 8, 685
"/Users/fairy/work/bistu/Semitic/static/lib/ueditor/lang/zh-cn/zh-cn.js", "JavaScript", 0, 0, 0, 0, 0, 0, 0, 0, 652, 0, 0, 0, 8, 10, 670
"/Users/fairy/work/bistu/Semitic/static/lib/ueditor/php/Uploader.class.php", "PHP", 0, 0, 0, 0, 0, 0, 0, 0, 0, 0, 0, 252, 78, 42, 372
"/Users/fairy/work/bistu/Semitic/static/lib/ueditor/php/action_crawler.php", "PHP", 0, 0, 0, 0, 0, 0, 0, 0, 0, 0, 0, 32, 9, 3, 44
"/Users/fairy/work/bistu/Semitic/static/lib/ueditor/php/action_list.php", "PHP", 0, 0, 0, 0, 0, 0, 0, 0, 0, 0, 0, 61, 23, 8, 92
"/Users/fairy/work/bistu/Semitic/static/lib/ueditor/php/action_upload.php", "PHP", 0, 0, 0, 0, 0, 0, 0, 0, 0, 0, 0, 42, 20, 5, 67
"/Users/fairy/work/bistu/Semitic/static/lib/ueditor/php/config.json", "JSON", 0, 0, 65, 0, 0, 0, 0, 0, 0, 0, 0, 0, 21, 8, 94
"/Users/fairy/work/bistu/Semitic/static/lib/ueditor/php/controller.php", "PHP", 0, 0, 0, 0, 0, 0, 0, 0, 0, 0, 0, 42, 10, 7, 59
"/Users/fairy/work/bistu/Semitic/static/lib/ueditor/themes/default/css/ueditor.css", "CSS", 0, 0, 0, 1538, 0, 0, 0, 0, 0, 0, 0, 0, 77, 288, 1903
"/Users/fairy/work/bistu/Semitic/static/lib/ueditor/themes/default/css/ueditor.min.css", "CSS", 0, 0, 0, 1, 0, 0, 0, 0, 0, 0, 0, 0, 5, 2, 8
"/Users/fairy/work/bistu/Semitic/static/lib/ueditor/themes/default/dialogbase.css", "CSS", 0, 0, 0, 78, 0, 0, 0, 0, 0, 0, 0, 0, 8, 14, 100
"/Users/fairy/work/bistu/Semitic/static/lib/ueditor/themes/iframe.css", "CSS", 0, 0, 0, 0, 0, 0, 0, 0, 0, 0, 0, 0, 1, 1, 2
"/Users/fairy/work/bistu/Semitic/static/lib/ueditor/third-party/SyntaxHighlighter/shCore.js", "JavaScript", 0, 0, 0, 0, 0, 0, 0, 0, 2470, 0, 0, 0, 688, 498, 3656
"/Users/fairy/work/bistu/Semitic/static/lib/ueditor/third-party/SyntaxHighlighter/shCoreDefault.css", "CSS", 0, 0, 0, 1, 0, 0, 0, 0, 0, 0, 0, 0, 0, 0, 1
"/Users/fairy/work/bistu/Semitic/static/lib/ueditor/third-party/codemirror/codemirror.css", "CSS", 0, 0, 0, 89, 0, 0, 0, 0, 0, 0, 0, 0, 3, 13, 105
"/Users/fairy/work/bistu/Semitic/static/lib/ueditor/third-party/codemirror/codemirror.js", "JavaScript", 0, 0, 0, 0, 0, 0, 0, 0, 3289, 0, 0, 0, 173, 120, 3582
"/Users/fairy/work/bistu/Semitic/static/lib/ueditor/third-party/highcharts/adapters/mootools-adapter.js", "JavaScript", 0, 0, 0, 0, 0, 0, 0, 0, 5, 0, 0, 0, 8, 1, 14
"/Users/fairy/work/bistu/Semitic/static/lib/ueditor/third-party/highcharts/adapters/mootools-adapter.src.js", "JavaScript", 0, 0, 0, 0, 0, 0, 0, 0, 178, 0, 0, 0, 92, 44, 314
"/Users/fairy/work/bistu/Semitic/static/lib/ueditor/third-party/highcharts/adapters/prototype-adapter.js", "JavaScript", 0, 0, 0, 0, 0, 0, 0, 0, 6, 0, 0, 0, 9, 1, 16
"/Users/fairy/work/bistu/Semitic/static/lib/ueditor/third-party/highcharts/adapters/prototype-adapter.src.js", "JavaScript", 0, 0, 0, 0, 0, 0, 0, 0, 204, 0, 0, 0, 71, 42, 317
"/Users/fairy/work/bistu/Semitic/static/lib/ueditor/third-party/highcharts/adapters/standalone-framework.js", "JavaScript", 0, 0, 0, 0, 0, 0, 0, 0, 10, 0, 0, 0, 7, 1, 18
"/Users/fairy/work/bistu/Semitic/static/lib/ueditor/third-party/highcharts/adapters/standalone-framework.src.js", "JavaScript", 0, 0, 0, 0, 0, 0, 0, 0, 409, 0, 0, 0, 74, 101, 584
"/Users/fairy/work/bistu/Semitic/static/lib/ueditor/third-party/highcharts/highcharts-more.js", "JavaScript", 0, 0, 0, 0, 0, 0, 0, 0, 43, 0, 0, 0, 7, 1, 51
"/Users/fairy/work/bistu/Semitic/static/lib/ueditor/third-party/highcharts/highcharts-more.src.js", "JavaScript", 0, 0, 0, 0, 0, 0, 0, 0, 1620, 0, 0, 0, 448, 363, 2431
"/Users/fairy/work/bistu/Semitic/static/lib/ueditor/third-party/highcharts/highcharts.js", "JavaScript", 0, 0, 0, 0, 0, 0, 0, 0, 276, 0, 0, 0, 7, 1, 284
"/Users/fairy/work/bistu/Semitic/static/lib/ueditor/third-party/highcharts/highcharts.src.js", "JavaScript", 0, 0, 0, 0, 0, 0, 0, 0, 11164, 0, 0, 0, 3416, 2395, 16975
"/Users/fairy/work/bistu/Semitic/static/lib/ueditor/third-party/highcharts/modules/annotations.js", "JavaScript", 0, 0, 0, 0, 0, 0, 0, 0, 7, 0, 0, 0, 0, 1, 8
"/Users/fairy/work/bistu/Semitic/static/lib/ueditor/third-party/highcharts/modules/annotations.src.js", "JavaScript", 0, 0, 0, 0, 0, 0, 0, 0, 290, 0, 0, 0, 37, 75, 402
"/Users/fairy/work/bistu/Semitic/static/lib/ueditor/third-party/highcharts/modules/canvas-tools.js", "JavaScript", 0, 0, 0, 0, 0, 0, 0, 0, 113, 0, 0, 0, 20, 1, 134
"/Users/fairy/work/bistu/Semitic/static/lib/ueditor/third-party/highcharts/modules/canvas-tools.src.js", "JavaScript", 0, 0, 0, 0, 0, 0, 0, 0, 2480, 0, 0, 0, 253, 381, 3114
"/Users/fairy/work/bistu/Semitic/static/lib/ueditor/third-party/highcharts/modules/data.js", "JavaScript", 0, 0, 0, 0, 0, 0, 0, 0, 9, 0, 0, 0, 8, 1, 18
"/Users/fairy/work/bistu/Semitic/static/lib/ueditor/third-party/highcharts/modules/data.src.js", "JavaScript", 0, 0, 0, 0, 0, 0, 0, 0, 340, 0, 0, 0, 161, 82, 583
"/Users/fairy/work/bistu/Semitic/static/lib/ueditor/third-party/highcharts/modules/drilldown.js", "JavaScript", 0, 0, 0, 0, 0, 0, 0, 0, 11, 0, 0, 0, 0, 1, 12
"/Users/fairy/work/bistu/Semitic/static/lib/ueditor/third-party/highcharts/modules/drilldown.src.js", "JavaScript", 0, 0, 0, 0, 0, 0, 0, 0, 342, 0, 0, 0, 40, 66, 448
"/Users/fairy/work/bistu/Semitic/static/lib/ueditor/third-party/highcharts/modules/exporting.js", "JavaScript", 0, 0, 0, 0, 0, 0, 0, 0, 14, 0, 0, 0, 8, 1, 23
"/Users/fairy/work/bistu/Semitic/static/lib/ueditor/third-party/highcharts/modules/exporting.src.js", "JavaScript", 0, 0, 0, 0, 0, 0, 0, 0, 497, 0, 0, 0, 113, 100, 710
"/Users/fairy/work/bistu/Semitic/static/lib/ueditor/third-party/highcharts/modules/funnel.js", "JavaScript", 0, 0, 0, 0, 0, 0, 0, 0, 4, 0, 0, 0, 8, 1, 13
"/Users/fairy/work/bistu/Semitic/static/lib/ueditor/third-party/highcharts/modules/funnel.src.js", "JavaScript", 0, 0, 0, 0, 0, 0, 0, 0, 178, 0, 0, 0, 64, 48, 290
"/Users/fairy/work/bistu/Semitic/static/lib/ueditor/third-party/highcharts/modules/heatmap.js", "JavaScript", 0, 0, 0, 0, 0, 0, 0, 0, 1, 0, 0, 0, 0, 1, 2
"/Users/fairy/work/bistu/Semitic/static/lib/ueditor/third-party/highcharts/modules/heatmap.src.js", "JavaScript", 0, 0, 0, 0, 0, 0, 0, 0, 43, 0, 0, 0, 0, 11, 54
"/Users/fairy/work/bistu/Semitic/static/lib/ueditor/third-party/highcharts/modules/map.js", "JavaScript", 0, 0, 0, 0, 0, 0, 0, 0, 20, 0, 0, 0, 7, 1, 28
"/Users/fairy/work/bistu/Semitic/static/lib/ueditor/third-party/highcharts/modules/map.src.js", "JavaScript", 0, 0, 0, 0, 0, 0, 0, 0, 703, 0, 0, 0, 158, 142, 1003
"/Users/fairy/work/bistu/Semitic/static/lib/ueditor/third-party/highcharts/modules/no-data-to-display.js", "JavaScript", 0, 0, 0, 0, 0, 0, 0, 0, 3, 0, 0, 0, 9, 1, 13
"/Users/fairy/work/bistu/Semitic/static/lib/ueditor/third-party/highcharts/modules/no-data-to-display.src.js", "JavaScript", 0, 0, 0, 0, 0, 0, 0, 0, 79, 0, 0, 0, 31, 19, 129
"/Users/fairy/work/bistu/Semitic/static/lib/ueditor/third-party/highcharts/themes/dark-blue.js", "JavaScript", 0, 0, 0, 0, 0, 0, 0, 0, 239, 0, 0, 0, 7, 9, 255
"/Users/fairy/work/bistu/Semitic/static/lib/ueditor/third-party/highcharts/themes/dark-green.js", "JavaScript", 0, 0, 0, 0, 0, 0, 0, 0, 239, 0, 0, 0, 7, 10, 256
"/Users/fairy/work/bistu/Semitic/static/lib/ueditor/third-party/highcharts/themes/gray.js", "JavaScript", 0, 0, 0, 0, 0, 0, 0, 0, 240, 0, 0, 0, 7, 11, 258
"/Users/fairy/work/bistu/Semitic/static/lib/ueditor/third-party/highcharts/themes/grid.js", "JavaScript", 0, 0, 0, 0, 0, 0, 0, 0, 93, 0, 0, 0, 5, 6, 104
"/Users/fairy/work/bistu/Semitic/static/lib/ueditor/third-party/highcharts/themes/skies.js", "JavaScript", 0, 0, 0, 0, 0, 0, 0, 0, 82, 0, 0, 0, 5, 3, 90
"/Users/fairy/work/bistu/Semitic/static/lib/ueditor/third-party/jquery-1.10.2.js", "JavaScript", 0, 0, 0, 0, 0, 0, 0, 0, 6649, 0, 0, 0, 1596, 1545, 9790
"/Users/fairy/work/bistu/Semitic/static/lib/ueditor/third-party/jquery-1.10.2.min.js", "JavaScript", 0, 0, 0, 0, 0, 0, 0, 0, 3, 0, 0, 0, 3, 1, 7
"/Users/fairy/work/bistu/Semitic/static/lib/ueditor/third-party/video-js/font/vjs.svg", "XML", 0, 0, 0, 0, 0, 0, 0, 65, 0, 0, 0, 0, 0, 0, 65
"/Users/fairy/work/bistu/Semitic/static/lib/ueditor/third-party/video-js/video-js.css", "CSS", 0, 0, 0, 573, 0, 0, 0, 0, 0, 0, 0, 0, 177, 17, 767
"/Users/fairy/work/bistu/Semitic/static/lib/ueditor/third-party/video-js/video-js.min.css", "CSS", 0, 0, 0, 1, 0, 0, 0, 0, 0, 0, 0, 0, 4, 0, 5
"/Users/fairy/work/bistu/Semitic/static/lib/ueditor/third-party/video-js/video.dev.js", "JavaScript", 0, 0, 0, 0, 0, 0, 0, 0, 3381, 0, 0, 0, 2685, 1043, 7109
"/Users/fairy/work/bistu/Semitic/static/lib/ueditor/third-party/video-js/video.js", "JavaScript", 0, 0, 0, 0, 0, 0, 0, 0, 129, 0, 0, 0, 0, 1, 130
"/Users/fairy/work/bistu/Semitic/static/lib/ueditor/third-party/webuploader/webuploader.css", "CSS", 0, 0, 0, 26, 0, 0, 0, 0, 0, 0, 0, 0, 0, 3, 29
"/Users/fairy/work/bistu/Semitic/static/lib/ueditor/third-party/webuploader/webuploader.custom.js", "JavaScript", 0, 0, 0, 0, 0, 0, 0, 0, 3388, 0, 0, 0, 1324, 959, 5671
"/Users/fairy/work/bistu/Semitic/static/lib/ueditor/third-party/webuploader/webuploader.custom.min.js", "JavaScript", 0, 0, 0, 0, 0, 0, 0, 0, 2, 0, 0, 0, 0, 0, 2
"/Users/fairy/work/bistu/Semitic/static/lib/ueditor/third-party/webuploader/webuploader.flashonly.js", "JavaScript", 0, 0, 0, 0, 0, 0, 0, 0, 2317, 0, 0, 0, 1129, 731, 4177
"/Users/fairy/work/bistu/Semitic/static/lib/ueditor/third-party/webuploader/webuploader.flashonly.min.js", "JavaScript", 0, 0, 0, 0, 0, 0, 0, 0, 2, 0, 0, 0, 0, 0, 2
"/Users/fairy/work/bistu/Semitic/static/lib/ueditor/third-party/webuploader/webuploader.html5only.js", "JavaScript", 0, 0, 0, 0, 0, 0, 0, 0, 3241, 0, 0, 0, 1322, 997, 5560
"/Users/fairy/work/bistu/Semitic/static/lib/ueditor/third-party/webuploader/webuploader.html5only.min.js", "JavaScript", 0, 0, 0, 0, 0, 0, 0, 0, 2, 0, 0, 0, 0, 0, 2
"/Users/fairy/work/bistu/Semitic/static/lib/ueditor/third-party/webuploader/webuploader.js", "JavaScript", 0, 0, 0, 0, 0, 0, 0, 0, 4118, 0, 0, 0, 1445, 1171, 6734
"/Users/fairy/work/bistu/Semitic/static/lib/ueditor/third-party/webuploader/webuploader.min.js", "JavaScript", 0, 0, 0, 0, 0, 0, 0, 0, 2, 0, 0, 0, 0, 0, 2
"/Users/fairy/work/bistu/Semitic/static/lib/ueditor/third-party/webuploader/webuploader.withoutimage.js", "JavaScript", 0, 0, 0, 0, 0, 0, 0, 0, 2691, 0, 0, 0, 1068, 835, 4594
"/Users/fairy/work/bistu/Semitic/static/lib/ueditor/third-party/webuploader/webuploader.withoutimage.min.js", "JavaScript", 0, 0, 0, 0, 0, 0, 0, 0, 2, 0, 0, 0, 0, 0, 2
"/Users/fairy/work/bistu/Semitic/static/lib/ueditor/third-party/xss.min.js", "JavaScript", 0, 0, 0, 0, 0, 0, 0, 0, 1, 0, 0, 0, 0, 0, 1
"/Users/fairy/work/bistu/Semitic/static/lib/ueditor/third-party/zeroclipboard/ZeroClipboard.js", "JavaScript", 0, 0, 0, 0, 0, 0, 0, 0, 1238, 0, 0, 0, 8, 10, 1256
"/Users/fairy/work/bistu/Semitic/static/lib/ueditor/third-party/zeroclipboard/ZeroClipboard.min.js", "JavaScript", 0, 0, 0, 0, 0, 0, 0, 0, 1, 0, 0, 0, 8, 0, 9
"/Users/fairy/work/bistu/Semitic/static/lib/ueditor/ueditor.all.js", "JavaScript", 0, 0, 0, 0, 0, 0, 0, 0, 20101, 0, 0, 0, 6963, 2505, 29569
"/Users/fairy/work/bistu/Semitic/static/lib/ueditor/ueditor.all.min.js", "JavaScript", 0, 0, 0, 0, 0, 0, 0, 0, 10, 0, 0, 0, 7, 1, 18
"/Users/fairy/work/bistu/Semitic/static/lib/ueditor/ueditor.config.js", "JavaScript", 0, 0, 0, 0, 0, 0, 0, 0, 124, 0, 0, 0, 282, 92, 498
"/Users/fairy/work/bistu/Semitic/static/lib/ueditor/ueditor.parse.js", "JavaScript", 0, 0, 0, 0, 0, 0, 0, 0, 839, 0, 0, 0, 43, 141, 1023
"/Users/fairy/work/bistu/Semitic/static/lib/ueditor/ueditor.parse.min.js", "JavaScript", 0, 0, 0, 0, 0, 0, 0, 0, 1, 0, 0, 0, 5, 1, 7
"/Users/fairy/work/bistu/Semitic/templates/alert_ioc.html", "HTML", 0, 0, 0, 0, 57, 0, 0, 0, 0, 0, 0, 0, 25, 4, 86
"/Users/fairy/work/bistu/Semitic/templates/alert_rule.html", "HTML", 0, 0, 0, 0, 59, 0, 0, 0, 0, 0, 0, 0, 25, 6, 90
"/Users/fairy/work/bistu/Semitic/templates/dns.html", "HTML", 0, 0, 0, 0, 53, 0, 0, 0, 0, 0, 0, 0, 25, 4, 82
"/Users/fairy/work/bistu/Semitic/templates/head.html", "HTML", 0, 0, 0, 0, 62, 0, 0, 0, 0, 0, 0, 0, 21, 0, 83
"/Users/fairy/work/bistu/Semitic/templates/http.html", "HTML", 0, 0, 0, 0, 53, 0, 0, 0, 0, 0, 0, 0, 25, 4, 82
"/Users/fairy/work/bistu/Semitic/templates/index.html", "HTML", 0, 0, 0, 0, 71, 0, 0, 0, 0, 0, 0, 0, 16, 4, 91
"/Users/fairy/work/bistu/Semitic/templates/ioc_domain.html", "HTML", 0, 0, 0, 0, 47, 0, 0, 0, 0, 0, 0, 0, 27, 6, 80
"/Users/fairy/work/bistu/Semitic/templates/ioc_email.html", "HTML", 0, 0, 0, 0, 49, 0, 0, 0, 0, 0, 0, 0, 25, 6, 80
"/Users/fairy/work/bistu/Semitic/templates/ioc_hash.html", "HTML", 0, 0, 0, 0, 53, 0, 0, 0, 0, 0, 0, 0, 27, 5, 85
"/Users/fairy/work/bistu/Semitic/templates/ioc_ip.html", "HTML", 0, 0, 0, 0, 47, 0, 0, 0, 0, 0, 0, 0, 27, 6, 80
"/Users/fairy/work/bistu/Semitic/templates/ioc_url.html", "HTML", 0, 0, 0, 0, 56, 0, 0, 0, 0, 0, 0, 0, 18, 6, 80
"/Users/fairy/work/bistu/Semitic/templates/js.html", "HTML", 0, 0, 0, 0, 15, 0, 0, 0, 0, 0, 0, 0, 2, 2, 19
"/Users/fairy/work/bistu/Semitic/templates/service.html", "HTML", 0, 0, 0, 0, 46, 0, 0, 0, 0, 0, 0, 0, 25, 6, 77
"/Users/fairy/work/bistu/Semitic/templates/side.html", "HTML", 0, 0, 0, 0, 101, 0, 0, 0, 0, 0, 0, 0, 2, 0, 103
"/Users/fairy/work/bistu/Semitic/templates/test.html", "HTML", 0, 0, 0, 0, 16, 0, 0, 0, 0, 0, 0, 0, 0, 2, 18
"/Users/fairy/work/bistu/Semitic/templates/tls.html", "HTML", 0, 0, 0, 0, 48, 0, 0, 0, 0, 0, 0, 0, 25, 5, 78
"/Users/fairy/work/bistu/Semitic/test/eve_1.json", "JSON", 0, 0, 16, 0, 0, 0, 0, 0, 0, 0, 0, 0, 0, 0, 16
"/Users/fairy/work/bistu/Semitic/thirdparty/ansistrm/ansistrm.py", "Python", 167, 0, 0, 0, 0, 0, 0, 0, 0, 0, 0, 0, 6, 34, 207
"Total", "-", 1054, 38, 1806, 10508, 2751, 27, 747, 2251, 82899, 465, 4, 429, 28041, 17443, 148463